Date,Price,Open,High,Low
2021-01-08,55.99,54.56,56.36,54.34
2021-01-07,54.38,54.13,54.9,53.94
2021-01-06,54.3,53.52,54.73,53.02
2021-01-05,53.6,50.95,53.9,50.7
2021-01-04,51.09,51.5,53.33,50.56
2020-12-31,51.8,51.49,51.84,50.9
2020-12-30,51.34,51.32,51.56,51.04
2020-12-29,51.09,51.02,51.63,50.86
2020-12-28,50.86,51.25,52.02,50.53
2020-12-24,51.29,51.11,51.77,50.62
2020-12-23,51.2,49.7,51.59,49.2
2020-12-22,50.08,50.65,50.86,49.56
2020-12-21,50.91,52.22,52.32,49.2
2020-12-18,52.26,51.43,52.48,51.13
2020-12-17,51.5,51.12,51.9,51.08
2020-12-16,51.08,50.64,51.2,50.34
2020-12-15,50.76,50.3,50.89,49.78
2020-12-14,50.29,50.05,50.8,49.13
2020-12-11,49.97,50.45,50.74,49.74
2020-12-10,50.25,49,51.06,48.86
2020-12-09,48.86,48.84,49.55,48.4
2020-12-08,48.84,48.58,49,48.09
2020-12-07,48.79,49.23,49.43,48.4
2020-12-04,49.25,48.96,49.92,48.84
2020-12-03,48.71,48,48.94,47.67
2020-12-02,48.25,47.05,48.76,46.82
2020-12-01,47.42,47.79,48.3,46.88
2020-11-30,47.59,47.91,47.99,46.85
2020-11-27,48.18,47.81,48.44,47.34
2020-11-26,47.8,48.76,49.09,47.53
2020-11-25,48.61,47.8,49.06,47.72
2020-11-24,47.86,45.9,48.03,45.89
2020-11-23,46.06,45.08,46.12,44.89
2020-11-20,44.96,44.15,45.24,44.05
2020-11-19,44.2,43.96,44.57,43.79
2020-11-18,44.34,43.75,44.89,43.48
2020-11-17,43.75,43.89,44.25,43.08
2020-11-16,43.82,42.71,44.67,42.71
2020-11-13,42.78,43.2,43.34,42.63
2020-11-12,43.53,43.73,44.5,43.26
2020-11-11,43.8,43.77,45.3,43.6
2020-11-10,43.61,41.75,44.11,41.71
2020-11-09,42.4,39.65,43.48,39.46
2020-11-06,39.45,40.63,40.69,39.34
2020-11-05,40.93,40.96,41.53,40.33
2020-11-04,41.23,40.13,41.33,39.42
2020-11-03,39.71,39.26,40.45,38.65
2020-11-02,38.97,37.37,39.36,35.74
2020-10-30,37.46,37.5,38.1,36.8
2020-10-29,37.65,39.16,39.45,36.64
2020-10-28,39.12,40.61,40.7,38.75
2020-10-27,41.2,40.5,41.47,40.4
2020-10-26,40.46,41.53,41.63,40.22
2020-10-23,41.77,42.4,42.8,41.5
2020-10-22,42.46,41.59,42.79,41.46
2020-10-21,41.73,42.91,43.04,41.45
2020-10-20,43.16,42.45,43.3,42.19
2020-10-19,42.62,42.69,43.23,42.36
2020-10-16,42.93,43.1,43.21,42.27
2020-10-15,43.16,43.45,43.48,41.56
2020-10-14,43.32,42.43,43.45,42.13
2020-10-13,42.45,41.81,42.68,41.66
2020-10-12,41.72,42.6,42.71,41.36
2020-10-09,42.85,43.36,43.57,42.61
2020-10-08,43.34,42.15,43.47,41.86
2020-10-07,41.99,41.85,42.42,41.36
2020-10-06,42.65,41.41,42.84,41.22
2020-10-05,41.29,39.19,41.78,39.14
2020-10-02,39.27,40.65,40.77,38.79
2020-10-01,40.93,42.17,42.56,39.92
2020-09-30,40.95,40.66,40.98,40.3
2020-09-29,41.03,42.47,42.52,40.43
2020-09-28,42.43,41.87,42.62,41.48
2020-09-25,41.92,41.85,42.33,41.52
2020-09-24,41.94,41.36,42.02,41.27
2020-09-23,41.77,41.67,42.62,41.21
2020-09-22,41.72,41.79,42.2,41.21
2020-09-21,41.44,43.01,43.3,40.96
2020-09-18,43.15,43.22,43.8,42.53
2020-09-17,43.3,42.32,43.5,41.5
2020-09-16,42.22,40.72,42.44,40.59
2020-09-15,40.53,39.7,40.82,39.39
2020-09-14,39.61,39.78,40.09,39.3
2020-09-11,39.83,39.96,40.34,39.38
2020-09-10,40.06,40.58,40.96,39.71
2020-09-09,40.79,39.65,41.2,39.37
2020-09-08,39.78,42.08,42.23,39.31
2020-09-07,42.01,42.2,42.43,41.51
2020-09-04,42.66,43.76,44.54,42.3
2020-09-03,44.07,44.65,44.65,43.15
2020-09-02,44.43,45.83,46.05,44.2
2020-09-01,45.58,45.6,46.22,45.47
2020-08-31,45.28,45.8,46.53,45.21
2020-08-28,45.05,45.1,45.3,44.8
2020-08-27,45.09,45.7,45.87,44.56
2020-08-26,45.64,45.97,46.1,45.54
2020-08-25,45.86,45.12,46.07,45.08
2020-08-24,45.13,44.5,45.18,44.29
2020-08-21,44.35,45.03,45.08,43.59
2020-08-20,44.9,45.14,45.18,44.02
2020-08-19,45.37,45.17,45.48,44.81
2020-08-18,45.46,45.27,45.55,44.76
2020-08-17,45.37,44.86,45.41,44.53
2020-08-14,44.8,45.29,45.29,44.47
2020-08-13,44.96,45.32,45.58,44.82
2020-08-12,45.43,44.62,45.63,44.49
2020-08-11,44.5,45.05,45.79,44.39
2020-08-10,44.99,44.66,45.26,44.37
2020-08-07,44.4,45.15,45.3,44.27
2020-08-06,45.09,45.32,45.71,44.85
2020-08-05,45.17,44.28,46.23,44.24
2020-08-04,44.43,43.84,44.82,43.24
2020-08-03,44.15,43.53,44.46,42.89
2020-07-31,43.3,43.29,43.44,43.05
2020-07-30,42.94,43.73,43.8,41.38
2020-07-29,43.75,43.31,43.95,43.2
2020-07-28,43.22,43.55,43.84,43
2020-07-27,43.41,43.35,43.77,42.39
2020-07-24,43.34,43.27,43.9,42.79
2020-07-23,43.31,44.1,44.77,43.13
2020-07-22,44.29,44.03,44.4,43.62
2020-07-21,44.32,43.17,44.89,43.16
2020-07-20,43.28,43.08,43.45,42.36
2020-07-17,43.14,43.4,43.45,42.64
2020-07-16,43.37,43.71,43.8,43.14
2020-07-15,43.79,43.07,43.85,42.7
2020-07-14,42.9,42.24,43.22,41.8
2020-07-13,42.72,43.12,43.34,42.14
2020-07-10,43.24,42.36,43.42,41.32
2020-07-09,42.35,43.3,43.5,41.94
2020-07-08,43.29,42.81,43.47,42.75
2020-07-07,43.08,43.13,43.45,42.46
2020-07-06,43.1,42.79,43.71,42.74
2020-07-03,42.8,42.76,42.99,42.32
2020-07-02,43.14,41.84,43.23,41.73
2020-07-01,42.03,41.58,42.62,41.03
2020-06-30,41.15,41.33,41.62,40.9
2020-06-29,41.71,40.56,41.95,40.04
2020-06-26,41.02,41.44,41.81,40.29
2020-06-25,41.05,40.35,41.64,39.47
2020-06-24,40.31,42.45,42.89,39.63
2020-06-23,42.63,43.21,43.93,42.21
2020-06-22,43.08,41.74,43.18,41.58
2020-06-19,42.19,41.72,42.92,41.03
2020-06-18,41.51,40.43,41.64,40.06
2020-06-17,40.71,40.61,41.46,40.03
2020-06-16,40.96,39.94,41.65,38.95
2020-06-15,39.72,38.8,39.9,37.24
2020-06-12,38.73,37.88,39.45,37.01
2020-06-11,38.55,40.95,41.01,37.82
2020-06-10,41.73,40.72,41.99,40.14
2020-06-09,41.18,41.1,41.45,39.85
2020-06-08,40.8,42.4,43.41,40.68
2020-06-05,42.3,39.84,42.48,39.72
2020-06-04,39.99,39.6,40.1,39.04
2020-06-03,39.79,39.75,40.53,38.76
2020-06-02,39.57,38.34,39.75,38.26
2020-06-01,38.32,37.56,38.68,37.18
2020-05-29,35.33,35.15,35.37,34.06
2020-05-28,35.29,33.92,35.95,33.62
2020-05-27,34.74,35.93,36.16,33.98
2020-05-26,36.17,35.66,36.68,35.26
2020-05-25,35.53,34.98,35.97,34.46
2020-05-22,35.13,36.18,36.23,33.54
2020-05-21,36.06,35.82,36.98,35.75
2020-05-20,35.75,34.45,36.46,34.38
2020-05-19,34.65,35.66,35.76,34.2
2020-05-18,34.81,32.78,35.72,32.69
2020-05-15,32.5,31.52,32.91,30.94
2020-05-14,31.13,29.52,31.55,28.88
2020-05-13,29.19,29.35,30.55,28.86
2020-05-12,29.98,30.07,30.7,29.35
2020-05-11,29.63,30.7,31.47,29.35
2020-05-08,30.97,29.6,31.14,29.43
2020-05-07,29.46,29.64,31.84,29.08
2020-05-06,29.72,32.27,32.27,28.66
2020-05-05,30.97,28.1,32.06,27.77
2020-05-04,27.2,26.1,28.08,25.5
2020-05-01,26.44,26.95,27.88,25.76
2020-04-30,25.27,22.87,25.76,22.87
2020-04-29,22.54,20.66,23.88,20.53
2020-04-28,20.46,19.9,21.29,18.73
2020-04-27,19.99,21.55,21.91,19.11
2020-04-24,21.44,21.93,22.7,20.5
2020-04-23,21.33,20.89,23.22,20.07
2020-04-22,20.37,20.23,22.45,15.98
2020-04-21,19.33,26.33,26.5,17.51
2020-04-20,25.57,28.05,28.25,25.37
2020-04-17,28.08,28.66,28.93,27.58
2020-04-16,27.82,28.05,29,27.2
2020-04-15,27.69,30.26,30.33,27.16
2020-04-14,29.6,32.25,32.32,29.38
2020-04-13,31.74,33.99,33.99,30.63
2020-04-09,31.48,33.82,36.4,31.18
2020-04-08,32.84,32.63,33.87,31.54
2020-04-07,31.87,33.66,34.18,31.74
2020-04-06,33.05,31.76,34.24,30.03
2020-04-03,34.11,29.89,35,28.25
2020-04-02,29.94,25.61,36.29,25.45
2020-04-01,24.74,25.99,26.28,24.52
2020-03-31,22.74,23,23.87,22.59
2020-03-30,22.76,23.85,24.44,21.65
2020-03-27,24.93,26.68,27,24.13
2020-03-26,26.34,27.35,27.75,26.03
2020-03-25,27.39,27.8,28.29,25.68
2020-03-24,27.15,27.72,28.65,26.69
2020-03-23,27.03,26.75,27.54,24.68
2020-03-20,26.98,28.1,30.94,26.81
2020-03-19,28.47,27.19,29.42,24.96
2020-03-18,24.88,28.4,29.21,24.52
2020-03-17,28.73,30.14,31.25,28.5
2020-03-16,30.05,35.82,35.84,29.45
2020-03-13,33.85,32.85,36.15,32.5
2020-03-12,33.22,35.99,36.46,32.5
2020-03-11,35.79,37.27,39.7,35.35
2020-03-10,37.22,35.84,38.22,35
2020-03-09,34.36,38.28,38.34,31.02
2020-03-06,45.27,50.25,50.45,45.18
2020-03-05,49.99,51.66,52.04,49.7
2020-03-04,51.13,52.11,53.03,51.04
2020-03-03,51.86,53.47,53.9,51.22
2020-03-02,51.9,48.95,53.2,48.4
2020-02-28,50.52,51.42,51.52,50.05
2020-02-27,52.18,53.18,53.25,50.97
2020-02-26,53.43,55.13,55.45,53.03
2020-02-25,54.95,56.46,56.98,54.62
2020-02-24,56.3,57.85,57.86,55.13
2020-02-21,58.5,59,59.25,57.73
2020-02-20,59.31,59.31,60,58.9
2020-02-19,59.12,57.6,59.4,57.51
2020-02-18,57.75,57.35,57.83,56.3
2020-02-17,57.67,57.29,57.7,56.83
2020-02-14,57.32,56.41,57.53,56.15
2020-02-13,56.34,55.75,56.83,54.96
2020-02-12,55.79,54.41,56.36,54.39
2020-02-11,54.01,53.62,54.69,53.6
2020-02-10,53.27,54.2,54.71,53.11
2020-02-07,54.47,55.14,55.4,54.21
2020-02-06,54.93,55.56,56.58,54.25
2020-02-05,55.28,54.05,56.46,54.05
2020-02-04,53.96,54.33,55.65,53.69
2020-02-03,54.45,56.16,56.77,54.08
2020-01-31,58.16,59.3,59.45,57.94
2020-01-30,58.29,59.6,59.65,57.71
2020-01-29,59.81,59.86,60.62,59.26
2020-01-28,59.51,59.03,60.12,58.5
2020-01-27,59.32,60.23,60.49,58.5
2020-01-24,60.69,62.01,62.46,60.25
2020-01-23,62.04,62.68,62.69,61.25
2020-01-22,63.21,64.57,64.58,62.62
2020-01-21,64.59,65.26,65.35,64.06
2020-01-20,65.2,65.98,66,64.92
2020-01-17,64.85,64.69,65.6,64.48
2020-01-16,64.62,64.26,64.97,63.9
2020-01-15,64,64.44,64.6,63.55
2020-01-14,64.49,64.29,65.05,63.92
2020-01-13,64.2,65.13,65.27,63.92
2020-01-10,64.98,65.29,65.66,64.86
2020-01-09,65.37,66,66.1,64.56
2020-01-08,65.44,71.22,71.75,64.94
2020-01-07,68.27,68.63,68.75,67.65
2020-01-06,68.91,69.35,70.74,68.21
2020-01-03,68.6,66.28,69.5,66.22
2020-01-02,66.25,66.41,66.58,65.72
2019-12-31,66,66.65,66.93,65.63
2019-12-30,68.44,68.2,68.99,68.16
2019-12-27,68.16,67.91,68.33,67.57
2019-12-26,67.92,67.27,67.99,67.22
2019-12-24,67.2,66.44,67.26,66.36
2019-12-23,66.39,66.15,66.62,65.81
2019-12-20,66.14,66.56,66.72,65.7
2019-12-19,66.54,66.19,66.78,66.03
2019-12-18,66.17,65.84,66.43,65.56
2019-12-17,66.1,65.31,66.24,65.12
2019-12-16,65.34,65.05,65.66,64.88
2019-12-13,65.22,64.56,65.79,64.5
2019-12-12,64.2,63.9,64.85,63.87
2019-12-11,63.72,64,64.26,63.01
2019-12-10,64.34,64.03,64.69,63.78
2019-12-09,64.25,64.29,64.5,63.61
2019-12-06,64.39,63.41,64.88,62.83
2019-12-05,63.39,62.97,63.91,62.75
2019-12-04,63,61.08,63.51,61
2019-12-03,60.82,61.05,61.58,60.3
2019-12-02,60.92,60.73,62.09,60.72
2019-11-29,62.43,63.77,63.86,62.36
2019-11-28,63.87,63.91,64,63.19
2019-11-27,64.06,64.02,64.6,63.51
2019-11-26,64.27,63.7,64.32,63.44
2019-11-25,63.65,63.6,63.8,62.97
2019-11-22,63.39,63.62,64.27,62.98
2019-11-21,63.97,62.22,64.03,61.92
2019-11-20,62.4,60.94,62.8,60.3
2019-11-19,60.91,62.28,62.57,60.7
2019-11-18,62.44,63.36,63.57,61.94
2019-11-15,63.3,62.47,63.65,61.7
2019-11-14,62.28,62.61,63.21,62.15
2019-11-13,62.37,61.85,62.74,61.22
2019-11-12,62.06,62.11,62.85,61.82
2019-11-11,62.18,62.6,62.76,61.57
2019-11-08,62.51,62.29,62.7,60.66
2019-11-07,62.29,61.73,62.89,61.65
2019-11-06,61.74,62.78,63.32,61.59
2019-11-05,62.96,62.04,63.19,61.85
2019-11-04,62.13,61.8,62.78,61.28
2019-11-01,61.69,59.45,61.82,59.4
2019-10-31,60.23,60.57,61.13,60.07
2019-10-30,60.61,61.6,61.93,60.45
2019-10-29,61.59,61.61,61.98,60.66
2019-10-28,61.57,62.04,62.34,61.19
2019-10-25,62.02,61.5,62.11,60.93
2019-10-24,61.67,60.99,61.9,60.64
2019-10-23,61.17,59.48,61.3,58.85
2019-10-22,59.7,59.05,60.26,58.75
2019-10-21,58.96,59.23,59.55,58.26
2019-10-18,59.42,59.78,60.29,59.01
2019-10-17,59.91,58.99,60.04,58.69
2019-10-16,59.42,58.9,59.75,58.36
2019-10-15,58.74,59.3,59.68,58
2019-10-14,59.35,60.69,60.73,58.5
2019-10-11,60.51,59.53,60.69,59.21
2019-10-10,59.1,58.04,59.6,57.8
2019-10-09,58.32,58.02,59.35,57.91
2019-10-08,58.24,58.47,58.92,57.38
2019-10-07,58.35,58.02,59.68,58.02
2019-10-04,58.37,57.69,58.96,57.67
2019-10-03,57.71,57.54,57.99,56.15
2019-10-02,57.69,59.25,59.5,57.22
2019-10-01,58.89,59.38,60.1,58.41
2019-09-30,60.78,62.24,62.24,60.73
2019-09-27,61.91,62.48,62.75,60.76
2019-09-26,62.74,62.58,62.92,61.45
2019-09-25,62.39,62.44,62.81,61.23
2019-09-24,63.1,64.4,64.6,62.3
2019-09-23,64.77,65.23,65.5,63.53
2019-09-20,64.28,65,65.28,64.05
2019-09-19,64.4,63.51,65.57,63.46
2019-09-18,63.6,64.23,64.99,63.04
2019-09-17,64.55,68.15,69.26,63.55
2019-09-16,69.02,66.45,71.95,64.75
2019-09-13,60.22,60.45,60.81,59.6
2019-09-12,60.38,61.16,61.39,58.92
2019-09-11,60.81,62.88,63.27,60.52
2019-09-10,62.38,62.82,63.78,62.17
2019-09-09,62.59,61.6,63,61.57
2019-09-06,61.54,60.81,61.88,59.4
2019-09-05,60.95,60.49,62.4,60.25
2019-09-04,60.7,58.17,60.96,58.13
2019-09-03,58.26,58.54,58.87,57.23
2019-09-02,58.66,58.8,59.26,58.1
2019-08-30,60.43,60.98,61.17,60.25
2019-08-29,61.08,60.48,61.19,59.98
2019-08-28,60.49,60.04,61,59.8
2019-08-27,59.51,58.8,60.17,58.51
2019-08-26,58.7,58.35,60.17,58.24
2019-08-23,59.34,60.11,60.29,58.3
2019-08-22,59.92,60.43,60.89,59.47
2019-08-21,60.3,60.11,61.41,60.07
2019-08-20,60.03,59.68,60.32,58.95
2019-08-19,59.74,58.72,59.92,58.64
2019-08-16,58.64,58.41,59.5,58.28
2019-08-15,58.23,59.07,59.42,57.67
2019-08-14,59.48,61.07,61.08,58.21
2019-08-13,61.3,58.47,61.5,58
2019-08-12,58.57,58.3,58.88,57.88
2019-08-09,58.53,57.74,59.1,57.11
2019-08-08,57.38,57.48,58.01,56.77
2019-08-07,56.23,58.68,59.23,55.88
2019-08-06,58.94,59.56,60.56,58.55
2019-08-05,59.81,61.46,61.56,59.66
2019-08-02,61.89,61.16,62.95,60.98
2019-08-01,60.5,64.09,64.54,60.02
2019-07-31,65.17,64.95,65.42,64.95
2019-07-30,64.72,63.91,65.14,63.9
2019-07-29,63.71,63.32,63.9,62.92
2019-07-26,63.46,63.28,63.96,63.01
2019-07-25,63.39,63.21,64.23,63.01
2019-07-24,63.18,64.13,64.66,62.59
2019-07-23,63.83,63.26,64.46,62.66
2019-07-22,63.26,63.05,64.03,62.77
2019-07-19,62.47,62.5,63.37,61.83
2019-07-18,61.93,63.52,64.46,61.29
2019-07-17,63.66,64.44,65.28,63.22
2019-07-16,64.35,66.31,67.09,63.82
2019-07-15,66.48,66.87,67.47,66.11
2019-07-12,66.72,66.83,67.29,66.51
2019-07-11,66.52,66.81,67.65,66.43
2019-07-10,67.01,64.78,67.12,64.63
2019-07-09,64.16,63.81,64.75,63.76
2019-07-08,64.11,64.34,65.14,63.79
2019-07-05,64.23,63.27,64.52,62.91
2019-07-04,63.3,63.88,64.07,62.95
2019-07-03,63.82,62.9,64.01,62.09
2019-07-02,62.4,64.8,65.51,62.22
2019-07-01,65.06,65.05,66.75,64.22
2019-06-28,66.55,66.51,66.84,66.08
2019-06-27,66.55,66.05,66.82,65.63
2019-06-26,66.49,65.8,66.85,65.6
2019-06-25,65.05,64.89,65.98,64.17
2019-06-24,64.86,65.5,65.79,64.08
2019-06-21,65.2,64.86,65.76,64
2019-06-20,64.45,62.45,64.82,62.4
2019-06-19,61.82,62.4,62.55,61.4
2019-06-18,62.14,60.93,62.84,60.25
2019-06-17,60.94,62.07,62.37,60.74
2019-06-14,62.01,61.25,62.57,60.74
2019-06-13,61.31,59.94,62.64,59.78
2019-06-12,59.97,61.79,61.85,59.57
2019-06-11,62.29,62.3,62.87,62.01
2019-06-10,62.29,63.58,64.1,62.05
2019-06-07,63.29,62.4,63.59,61.77
2019-06-06,61.67,60.4,62.43,60.22
2019-06-05,60.63,61.58,62.27,59.45
2019-06-04,61.97,61,62.12,60.21
2019-06-03,61.28,61.64,62.84,60.55
2019-05-31,64.49,66.24,66.28,64.37
2019-05-30,66.87,69.68,69.96,66.31
2019-05-29,69.45,70.1,70.1,68.08
2019-05-28,70.11,69.99,70.59,69.58
2019-05-27,70.11,69.15,70.23,68.53
2019-05-24,68.69,67.99,69.3,67.33
2019-05-23,67.76,70.86,70.97,67.02
2019-05-22,70.99,71.91,72.04,70.42
2019-05-21,72.18,72.15,72.52,71.63
2019-05-20,71.97,72.5,73.4,71.6
2019-05-17,72.21,72.82,73.23,71.79
2019-05-16,72.62,72.05,73.36,71.82
2019-05-15,71.77,70.9,72.25,70.42
2019-05-14,71.24,70.02,71.65,69.93
2019-05-13,70.23,70.83,72.58,69.72
2019-05-10,70.62,70.45,71.23,70.18
2019-05-09,70.39,70.23,70.65,69.4
2019-05-08,70.37,69.88,70.7,69.33
2019-05-07,69.88,71.15,71.33,69.38
2019-05-06,71.24,70.59,71.79,68.79
2019-05-03,70.85,70.48,71.54,69.95
2019-05-02,70.75,72,72.22,69.68
2019-05-01,72.18,71.73,72.36,71.3
2019-04-30,72.8,71.94,73.27,71.73
2019-04-29,72.04,71.56,72.5,71.06
2019-04-26,72.15,74.2,74.42,71.3
2019-04-25,74.35,74.46,75.6,74
2019-04-24,74.57,74.27,74.73,74.02
2019-04-23,74.51,74.38,74.73,73.99
2019-04-22,74.04,71.93,74.52,71.86
2019-04-18,71.97,71.63,72.04,71.2
2019-04-17,71.62,71.83,72.27,71.45
2019-04-16,71.72,71.21,71.95,70.74
2019-04-15,71.18,71.55,71.6,70.78
2019-04-12,71.55,70.95,71.87,70.9
2019-04-11,70.83,71.56,71.68,70.57
2019-04-10,71.73,70.82,71.78,70.57
2019-04-09,70.61,71.19,71.34,70.3
2019-04-08,71.1,70.56,71.19,70.43
2019-04-05,70.34,69.13,70.48,68.92
2019-04-04,69.4,69.44,70.03,68.87
2019-04-03,69.31,69.47,69.96,68.8
2019-04-02,69.37,69.22,69.58,68.69
2019-04-01,69.01,67.58,69.22,67.58
2019-03-29,68.39,68.01,68.89,67.81
2019-03-28,67.82,67.75,68,66.54
2019-03-27,67.83,67.9,68.35,67.19
2019-03-26,67.97,67.36,68.23,67.24
2019-03-25,67.21,67,67.65,66.36
2019-03-22,67.03,67.76,67.98,66.2
2019-03-21,67.86,68.38,68.69,67.59
2019-03-20,68.5,67.66,68.57,67.19
2019-03-19,67.61,67.49,68.2,67.13
2019-03-18,67.54,67.14,67.69,66.69
2019-03-15,67.16,67.18,67.71,66.13
2019-03-14,67.23,67.65,68.14,67.03
2019-03-13,67.55,66.91,67.76,66.7
2019-03-12,66.67,66.7,67.39,66.34
2019-03-11,66.58,65.76,66.75,65.63
2019-03-08,65.74,66.08,66.09,64.02
2019-03-07,66.3,65.88,67,65.75
2019-03-06,65.99,65.49,66.18,65.22
2019-03-05,65.86,65.46,66.23,65.04
2019-03-04,65.67,64.97,66.34,64.93
2019-03-01,65.07,66.48,67.14,64.59
2019-02-28,66.03,66.38,66.38,65.67
2019-02-27,66.39,65.64,66.7,65.27
2019-02-26,65.21,64.79,65.74,64.32
2019-02-25,64.76,66.97,67.47,64.54
2019-02-22,67.12,66.96,67.73,66.87
2019-02-21,67.07,67.05,67.31,66.69
2019-02-20,67.08,66.3,67.38,65.63
2019-02-19,66.45,66.44,66.65,65.58
2019-02-18,66.5,66.39,66.83,65.9
2019-02-15,66.25,64.86,66.39,64.42
2019-02-14,64.57,63.69,64.81,63.25
2019-02-13,63.61,62.7,63.98,62.69
2019-02-12,62.42,61.59,63.34,61.59
2019-02-11,61.51,62.11,62.34,60.9
2019-02-08,62.1,61.66,62.36,61.04
2019-02-07,61.63,62.5,62.91,60.6
2019-02-06,62.69,62.06,62.8,61.05
2019-02-05,61.98,62.64,63.02,61.72
2019-02-04,62.51,62.83,63.63,61.28
2019-02-01,62.75,61.06,62.97,60.46
2019-01-31,61.89,61.97,62.32,61.57
2019-01-30,61.65,61.26,62.67,61.04
2019-01-29,61.32,59.87,61.79,59.75
2019-01-28,59.93,61.49,61.69,59.49
2019-01-25,61.64,61.13,61.92,60.7
2019-01-24,61.09,61.02,61.51,60.41
2019-01-23,61.14,61.37,62.33,60.21
2019-01-22,61.5,62.59,62.71,60.57
2019-01-21,62.74,62.74,63.15,62.25
2019-01-18,62.7,61.33,63,61.32
2019-01-17,61.18,61.05,61.54,60.04
2019-01-16,61.32,60.42,61.45,60.03
2019-01-15,60.64,59.36,60.86,59.11
2019-01-14,58.99,60.62,61.04,58.9
2019-01-11,60.48,61.19,62.49,60.08
2019-01-10,61.68,61.15,61.91,60.44
2019-01-09,61.44,59.15,61.69,59.05
2019-01-08,58.72,57.64,58.87,57.13
2019-01-07,57.33,57.41,58.93,57.26
2019-01-04,57.06,55.67,58.31,55.34
2019-01-03,55.95,54.29,56.3,53.93
2019-01-02,54.91,54.12,56.56,52.51
2018-12-31,53.8,53,54.82,52.66
2018-12-28,52.2,53.44,53.8,51.6
2018-12-27,52.16,54.65,54.67,51.94
2018-12-26,54.47,50.84,55.29,49.93
2018-12-24,50.47,53.49,54.66,50.36
2018-12-21,53.82,54.97,55.33,52.79
2018-12-20,54.35,56.49,56.75,54.28
2018-12-19,57.24,56.51,58.11,56.04
2018-12-18,56.26,59,59.24,55.89
2018-12-17,59.61,60.25,61.21,58.64
2018-12-14,60.28,61.53,61.58,59.92
2018-12-13,61.45,60.29,62.02,59.33
2018-12-12,60.15,60.67,61.43,59.98
2018-12-11,60.2,59.91,61.1,59.58
2018-12-10,59.97,61.34,62.33,59.61
2018-12-07,61.67,60.25,63.73,59.1
2018-12-06,60.06,61.36,61.97,58.36
2018-12-05,61.56,61.35,63.29,60.8
2018-12-04,62.08,61.9,63.58,61.24
2018-12-03,61.69,59.98,62.6,59.85
2018-11-30,58.71,59.28,59.93,58.25
2018-11-29,59.51,59.12,60.37,57.5
2018-11-28,58.76,60.63,61.27,58.55
2018-11-27,60.21,60.39,61.4,58.92
2018-11-26,60.48,58.98,61.13,58.6
2018-11-23,58.8,62.58,62.79,58.41
2018-11-22,62.6,63.6,63.81,62.27
2018-11-21,63.48,62.6,64.48,62.56
2018-11-20,62.53,66.9,66.9,61.71
2018-11-19,66.79,66.99,67.64,65.27
2018-11-16,66.76,66.68,68.38,66.06
2018-11-15,66.62,66.12,67.42,65.77
2018-11-14,66.12,65.62,67.63,65.02
2018-11-13,65.47,69.13,69.68,64.61
2018-11-12,70.12,70.69,71.88,68.87
2018-11-09,70.18,70.87,70.99,69.13
2018-11-08,70.65,72.1,73.08,70.56
2018-11-07,72.07,71.66,73.55,71.36
2018-11-06,72.13,72.85,73.28,71.18
2018-11-05,73.17,72.85,74.13,72.26
2018-11-02,72.83,72.75,73.5,72.16
2018-11-01,72.89,74.69,74.99,72.56
2018-10-31,75.47,76.28,76.92,75.42
2018-10-30,75.91,76.82,77.32,75.09
2018-10-29,77.34,77.64,78.03,76.55
2018-10-26,77.62,76.6,77.91,75.77
2018-10-25,76.89,75.67,77.08,75.35
2018-10-24,76.17,76.35,77.57,75.11
2018-10-23,76.44,80.04,80.12,75.88
2018-10-22,79.83,80.11,80.41,78.99
2018-10-19,79.78,79.44,80.88,79.22
2018-10-18,79.29,80.23,80.31,78.69
2018-10-17,80.05,81.74,81.85,79.17
2018-10-16,81.41,80.88,81.75,79.8
2018-10-15,80.78,81,81.92,79.85
2018-10-12,80.43,80.28,81.48,79.23
2018-10-11,80.26,82.47,82.63,79.8
2018-10-10,83.09,84.98,85.17,82.26
2018-10-09,85,83.91,85.45,83.73
2018-10-08,83.91,84.17,84.31,82.66
2018-10-05,84.16,84.89,85.12,83.92
2018-10-04,84.58,85.99,86.43,84.14
2018-10-03,86.29,84.79,86.74,84.01
2018-10-02,84.8,84.95,85.38,84.31
2018-10-01,84.98,82.79,85.45,82.55
2018-09-28,82.72,81.63,82.87,81.6
2018-09-27,81.72,81.8,82.44,81.32
2018-09-26,81.34,81.45,82.22,81.1
2018-09-25,81.87,81.35,82.55,81.17
2018-09-24,81.2,78.97,81.48,78.97
2018-09-21,78.8,78.67,80.12,78.23
2018-09-20,78.7,79.44,79.83,78.51
2018-09-19,79.4,78.97,79.5,78.51
2018-09-18,79.03,77.78,79.73,77.46
2018-09-17,78.05,78.07,78.9,77.73
2018-09-14,78.09,78.45,78.94,77.37
2018-09-13,78.18,79.6,79.71,77.87
2018-09-12,79.74,79.42,80.13,78.75
2018-09-11,79.06,77.38,79.54,77.36
2018-09-10,77.37,77.08,77.92,76.9
2018-09-07,76.83,76.69,77.1,75.88
2018-09-06,76.5,77.02,77.77,75.64
2018-09-05,77.27,77.82,78.09,76.91
2018-09-04,78.17,78.19,79.72,77.44
2018-09-03,78.15,77.69,78.44,77.3
2018-08-31,77.42,77.53,77.79,77
2018-08-30,77.77,77.33,78.03,77.18
2018-08-29,77.14,75.99,77.42,75.67
2018-08-28,75.95,76.34,76.97,75.73
2018-08-27,76.21,75.54,76.34,75.39
2018-08-24,75.82,74.73,76.42,74.68
2018-08-23,74.73,74.72,74.87,74.21
2018-08-22,74.78,72.76,75,72.7
2018-08-21,72.63,72.15,72.95,72.05
2018-08-20,72.21,71.77,72.75,71.42
2018-08-17,71.83,71.35,72.49,71.25
2018-08-16,71.43,70.65,71.52,70.4
2018-08-15,70.76,72.22,72.44,70.3
2018-08-14,72.46,72.82,73.93,72.16
2018-08-13,72.61,73,73.09,71.04
2018-08-10,72.81,71.97,73.14,71.4
2018-08-09,72.07,72.16,72.89,71.86
2018-08-08,72.28,74.64,74.87,71.65
2018-08-07,74.65,73.61,74.9,73.57
2018-08-06,73.75,73.21,74.47,73.08
2018-08-03,73.21,73.37,73.73,72.48
2018-08-02,73.45,72.42,73.75,71.84
2018-08-01,72.39,74.07,74.12,72.13
2018-07-31,74.25,74.93,75.1,74.14
2018-07-30,74.97,74.31,75.27,74.14
2018-07-27,74.29,74.5,74.85,73.83
2018-07-26,74.54,74.37,74.83,73.77
2018-07-25,73.93,73.7,74.6,73.07
2018-07-24,73.44,72.91,74,72.68
2018-07-23,73.06,73.22,74.5,72.52
2018-07-20,73.07,72.65,73.47,72.26
2018-07-19,72.58,73.06,73.79,71.83
2018-07-18,72.9,71.74,73.28,71.19
2018-07-17,72.16,72.01,72.78,71.35
2018-07-16,71.84,74.92,75.37,71.52
2018-07-13,75.33,74.34,75.93,73.22
2018-07-12,74.45,74.17,75.1,72.67
2018-07-11,73.4,78.78,78.83,73.04
2018-07-10,78.86,78.25,79.51,78.15
2018-07-09,78.07,77.21,78.31,77.04
2018-07-06,77.11,77.57,77.68,76.36
2018-07-05,77.39,78.14,78.5,77.3
2018-07-04,78.24,77.89,78.28,77.61
2018-07-03,77.76,77.4,78.55,76.67
2018-07-02,77.3,78.55,78.95,77.16
2018-06-29,79.44,77.79,79.7,77.45
2018-06-28,77.85,77.5,78.42,77.09
2018-06-27,77.62,76.54,78.16,76.28
2018-06-26,76.31,74.74,76.72,74.13
2018-06-25,74.73,74.8,75.13,73.74
2018-06-22,75.55,73.24,75.83,73.24
2018-06-21,73.05,74.46,74.69,72.93
2018-06-20,74.74,75.2,75.86,74.1
2018-06-19,75.08,75.24,75.55,74.45
2018-06-18,75.34,73.06,75.49,72.45
2018-06-15,73.44,75.98,76.06,73
2018-06-14,75.94,76.56,76.92,75.76
2018-06-13,76.74,75.4,76.87,75.26
2018-06-12,75.88,76.5,77.07,75.43
2018-06-11,76.46,76.3,76.84,75.52
2018-06-08,76.46,77.39,77.61,76.12
2018-06-07,77.32,75.88,77.45,75.44
2018-06-06,75.36,75.19,76.25,74.46
2018-06-05,75.38,75.4,75.74,73.81
2018-06-04,75.29,76.66,76.95,75.2
2018-06-01,76.79,77.71,77.95,76.35
2018-05-31,77.59,77.37,78.75,77.04
2018-05-30,77.5,75.37,77.73,74.81
2018-05-29,75.39,75.82,76.2,74.54
2018-05-28,75.3,76.11,76.17,74.49
2018-05-25,76.44,78.82,78.88,76.01
2018-05-24,78.79,79.65,79.78,78.57
2018-05-23,79.8,79.47,79.85,78.21
2018-05-22,79.57,79.36,80.49,79.16
2018-05-21,79.22,78.61,79.59,78.1
2018-05-18,78.51,79.46,79.87,78.33
2018-05-17,79.3,79.26,80.5,79.12
2018-05-16,79.28,78.1,79.35,77.61
2018-05-15,78.43,78.42,79.47,77.9
2018-05-14,78.23,77.05,78.53,76.55
2018-05-11,77.12,77.55,77.6,76.95
2018-05-10,77.47,77.44,78,76.51
2018-05-09,77.21,76.19,77.43,76.08
2018-05-08,74.85,75.6,76.18,73.1
2018-05-07,76.17,75,76.34,74.83
2018-05-04,74.87,73.74,75.08,73.24
2018-05-03,73.62,73.07,74.09,72.47
2018-05-02,73.36,73.28,73.63,72.38
2018-05-01,73.13,74.65,74.98,72.74
2018-04-30,75.17,74.62,75.41,73.47
2018-04-27,74.64,74.72,75.03,74.35
2018-04-26,74.74,74.23,74.97,74.11
2018-04-25,74,74,74.19,73.17
2018-04-24,73.86,75.09,75.47,73.68
2018-04-23,74.71,73.77,75.1,73.13
2018-04-20,74.06,73.94,74.2,72.83
2018-04-19,73.78,73.72,74.75,73.46
2018-04-18,73.48,71.72,73.93,71.66
2018-04-17,71.58,71.65,71.89,70.83
2018-04-16,71.42,72.7,72.85,71.11
2018-04-13,72.58,71.94,72.88,71.56
2018-04-12,72.02,72.09,72.49,71.1
2018-04-11,72.06,71.03,73.09,70.57
2018-04-10,71.04,68.46,71.34,68.46
2018-04-09,68.65,67.1,68.8,67
2018-04-06,67.11,68.09,68.62,66.86
2018-04-05,68.33,68.36,68.93,67.73
2018-04-04,68.02,68.15,68.28,66.69
2018-04-03,68.12,67.63,68.46,67.62
2018-04-02,67.64,69.32,70.04,67.49
2018-03-29,70.27,69.86,70.44,69.1
2018-03-28,69.53,69.72,70.25,68.78
2018-03-27,70.11,70.13,71.03,69.45
2018-03-26,70.12,70.43,71.05,69.67
2018-03-23,70.45,69.11,70.57,68.87
2018-03-22,68.91,69.63,69.7,68.58
2018-03-21,69.47,67.61,69.86,67.48
2018-03-20,67.42,66.15,67.88,66.15
2018-03-19,66.05,66.01,66.39,65.39
2018-03-16,66.21,65.07,66.42,64.88
2018-03-15,65.12,64.9,65.38,64.61
2018-03-14,64.89,64.73,65.21,64.06
2018-03-13,64.64,64.92,65.68,64.05
2018-03-12,64.95,65.5,65.86,64.18
2018-03-09,65.49,63.93,65.63,63.69
2018-03-08,63.61,64.51,64.56,63.43
2018-03-07,64.34,65.23,65.8,63.83
2018-03-06,65.79,65.74,66.16,65.3
2018-03-05,65.54,64.65,65.88,64.1
2018-03-02,64.37,64.07,64.64,63.2
2018-03-01,63.83,64.57,65.04,63.19
2018-02-28,65.78,66.41,66.87,65.43
2018-02-27,66.63,67.57,67.61,66.32
2018-02-26,67.5,67.29,67.9,66.72
2018-02-23,67.31,66.3,67.37,65.79
2018-02-22,66.39,64.91,66.56,64.62
2018-02-21,65.42,65.05,65.53,64.4
2018-02-20,65.25,65.64,65.81,64.78
2018-02-19,65.67,64.96,65.9,64.84
2018-02-16,64.84,64.66,65.22,64.19
2018-02-15,64.33,64.44,65.15,63.12
2018-02-14,64.36,62.84,64.58,61.95
2018-02-13,62.72,62.85,63.1,61.76
2018-02-12,62.59,62.5,64.4,62.5
2018-02-09,62.79,64.44,64.64,61.77
2018-02-08,64.81,65.28,65.6,64.1
2018-02-07,65.51,67.2,67.72,65.16
2018-02-06,66.86,67.02,67.6,66.53
2018-02-05,67.62,68.15,68.46,66.9
2018-02-02,68.58,70,70.02,67.96
2018-02-01,69.65,69,69.97,68.81
2018-01-31,69.05,68.43,69.15,68.33
2018-01-30,69.02,69.3,69.39,68.4
2018-01-29,69.46,70.47,70.64,69.07
2018-01-26,70.52,70.07,70.83,70.05
2018-01-25,70.42,70.95,71.28,69.97
2018-01-24,70.53,69.97,70.94,69.54
2018-01-23,69.96,69.17,70.24,69.12
2018-01-22,69.03,68.8,69.51,68.39
2018-01-19,68.61,69.01,69.08,68.28
2018-01-18,69.31,69.53,69.63,68.8
2018-01-17,69.38,69.35,69.59,68.55
2018-01-16,69.15,70.05,70.13,68.83
2018-01-15,70.26,69.88,70.37,69.55
2018-01-12,69.87,69.15,69.93,68.59
2018-01-11,69.26,69.15,70.05,69
2018-01-10,69.2,69.12,69.37,68.75
2018-01-09,68.82,68,69.29,67.7
2018-01-08,67.78,67.8,67.99,67.44
2018-01-05,67.62,67.97,68.11,67.26
2018-01-04,68.07,67.89,68.27,67.62
2018-01-03,67.84,66.54,68.03,66.4
2018-01-02,66.57,66.55,67.29,66.24
2017-12-29,66.87,66.15,66.98,66.15
2017-12-28,66.72,66.43,66.85,66.23
2017-12-27,66.44,66.76,66.94,66.03
2017-12-26,67.02,65.2,67.1,65
2017-12-22,65.25,64.63,65.28,64.38
2017-12-21,64.9,64.49,64.93,64.2
2017-12-20,64.56,63.83,64.6,63.67
2017-12-19,63.8,63.41,63.91,63.3
2017-12-18,63.41,63.36,63.91,63
2017-12-15,63.23,63.39,63.68,63.08
2017-12-14,63.31,62.81,63.5,62.01
2017-12-13,62.44,63.8,64.32,62.36
2017-12-12,63.34,64.66,65.83,63.07
2017-12-11,64.69,63.29,64.93,62.99
2017-12-08,63.4,62.08,63.64,62.01
2017-12-07,62.2,61.3,62.26,61.15
2017-12-06,61.22,62.64,62.93,61.13
2017-12-05,62.86,62.45,63.15,62.12
2017-12-04,62.45,63.5,63.68,62.31
2017-12-01,63.73,62.74,64.32,62.59
2017-11-30,63.57,63.28,64.21,63.21
2017-11-29,63.11,63.3,64.07,62.5
2017-11-28,63.61,63.78,63.89,63.1
2017-11-27,63.84,63.8,63.99,63.1
2017-11-24,63.86,63.35,63.95,63.28
2017-11-23,63.55,63.24,63.57,62.88
2017-11-22,63.32,62.78,63.43,62.62
2017-11-21,62.57,62.1,62.87,62.07
2017-11-20,62.22,62.8,62.8,61.44
2017-11-17,62.72,61.41,62.92,61.08
2017-11-16,61.36,61.88,62.15,61.25
2017-11-15,61.87,61.55,62.13,61.3
2017-11-14,62.21,63.06,63.17,61.21
2017-11-13,63.16,63.68,63.77,62.61
2017-11-10,63.52,63.8,64.27,63.35
2017-11-09,63.93,63.52,64.25,63.26
2017-11-08,63.49,63.69,64.64,62.95
2017-11-07,63.69,64.12,64.65,63.5
2017-11-06,64.27,62.27,64.44,62.08
2017-11-03,62.07,60.88,62.23,60.6
2017-11-02,60.62,60.5,60.86,60.02
2017-11-01,60.49,61.07,61.7,60
2017-10-31,61.37,60.86,61.41,60.53
2017-10-30,60.9,60.66,61,60.14
2017-10-27,60.44,59.37,60.65,58.82
2017-10-26,59.3,58.42,59.55,58.05
2017-10-25,58.44,58.44,58.74,57.85
2017-10-24,58.33,57.41,58.57,57.04
2017-10-23,57.37,57.95,58.05,57.27
2017-10-20,57.75,57.32,57.94,56.6
2017-10-19,57.23,58.24,58.3,57.02
2017-10-18,58.15,58.16,58.54,57.74
2017-10-17,57.88,57.78,58.35,57.18
2017-10-16,57.82,57.28,58.47,57.12
2017-10-13,57.17,56.44,57.57,56.34
2017-10-12,56.25,56.74,56.83,55.88
2017-10-11,56.94,56.56,57.09,56.14
2017-10-10,56.61,55.78,56.91,55.73
2017-10-09,55.79,55.5,55.98,55.06
2017-10-06,55.62,56.99,57.28,55.13
2017-10-05,57,55.77,57.24,55.7
2017-10-04,55.8,55.67,56.2,55.38
2017-10-03,56,56.1,56.4,55.7
2017-10-02,56.12,56.73,56.76,55.5
2017-09-29,57.54,57.6,57.8,57.14
2017-09-28,57.41,57.7,58.65,56.85
2017-09-27,57.9,58.57,58.89,57.57
2017-09-26,58.44,59.05,59.49,57.77
2017-09-25,59.02,56.87,59.25,56.7
2017-09-22,56.86,56.5,56.91,56.22
2017-09-21,56.43,56.17,56.53,55.76
2017-09-20,56.29,55.35,56.48,55.26
2017-09-19,55.14,55.48,55.89,54.89
2017-09-18,55.48,55.59,55.95,54.82
2017-09-15,55.62,55.29,55.85,54.86
2017-09-14,55.47,55.02,55.99,54.93
2017-09-13,55.16,54.18,55.21,54.03
2017-09-12,54.27,53.77,54.44,53.42
2017-09-11,53.84,53.82,54.14,53.04
2017-09-08,53.78,54.54,54.87,53.57
2017-09-07,54.49,54.13,54.67,53.89
2017-09-06,54.2,53.16,54.31,53.09
2017-09-05,53.38,52.3,53.66,52.09
2017-09-04,52.34,52.85,52.85,51.99
2017-09-01,52.75,52.84,52.95,52.24
2017-08-31,52.38,50.58,52.43,50.56
2017-08-30,50.86,51.97,52.01,50.58
2017-08-29,52,52.04,52.19,51.36
2017-08-28,51.89,52.38,52.84,51.52
2017-08-25,52.41,52.3,52.68,51.93
2017-08-24,52.04,52.55,52.71,51.61
2017-08-23,52.57,51.68,52.63,51.45
2017-08-22,51.87,51.78,52.28,51.39
2017-08-21,51.66,53,53,51.3
2017-08-18,52.72,50.89,52.96,50.78
2017-08-17,51.03,50.4,51.12,50
2017-08-16,50.27,50.98,51.4,50.15
2017-08-15,50.8,50.65,51.15,50.02
2017-08-14,50.73,52.02,52.38,50.55
2017-08-11,52.1,51.94,52.28,51.3
2017-08-10,51.9,52.72,53.64,51.67
2017-08-09,52.7,51.99,52.85,51.81
2017-08-08,52.14,52.24,52.73,51.82
2017-08-07,52.37,52.39,52.53,51.37
2017-08-04,52.42,51.97,52.52,51.43
2017-08-03,52.01,52.24,52.89,51.77
2017-08-02,52.36,51.38,52.43,51.18
2017-08-01,51.78,52.7,52.93,50.88
2017-07-31,52.65,52.6,52.92,52.2
2017-07-28,52.52,51.6,52.7,51.31
2017-07-27,51.49,50.86,51.64,50.5
2017-07-26,50.97,50.63,51.06,50.07
2017-07-25,50.2,48.64,50.91,48.63
2017-07-24,48.6,47.96,48.77,47.68
2017-07-21,48.06,49.33,49.65,47.81
2017-07-20,49.3,49.65,50.19,49.19
2017-07-19,49.7,48.7,49.81,48.58
2017-07-18,48.84,48.4,49.41,48.24
2017-07-17,48.42,49.14,49.26,48.31
2017-07-14,48.91,48.37,49.11,48.15
2017-07-13,48.42,47.7,48.53,47.18
2017-07-12,47.74,48.21,48.79,47.35
2017-07-11,47.52,46.99,48.21,46.29
2017-07-10,46.88,46.84,47.38,46.11
2017-07-07,46.71,47.76,47.76,46.28
2017-07-06,48.11,48.28,49.18,47.77
2017-07-05,47.79,49.67,49.84,47
2017-07-04,49.61,49.63,49.9,49.29
2017-07-03,49.68,48.95,49.71,48.54
2017-06-30,47.92,47.46,48.12,47.46
2017-06-29,47.42,47.39,48.03,47.14
2017-06-28,47.31,46.25,47.47,46.25
2017-06-27,46.65,45.85,47.06,45.79
2017-06-26,45.83,45.63,46.24,45.04
2017-06-23,45.54,45.28,45.75,45.03
2017-06-22,45.22,44.81,45.79,44.53
2017-06-21,44.82,45.89,46.63,44.35
2017-06-20,46.02,46.96,47.23,45.42
2017-06-19,46.91,47.21,47.76,46.77
2017-06-16,47.37,46.82,47.61,46.81
2017-06-15,46.92,46.8,47.2,46.7
2017-06-14,47,48.18,48.69,46.74
2017-06-13,48.72,48.32,48.82,47.87
2017-06-12,48.29,48.06,49.15,48.01
2017-06-09,48.15,47.79,48.56,47.4
2017-06-08,47.86,48.26,48.6,47.56
2017-06-07,48.06,49.97,50.14,47.96
2017-06-06,50.12,49.57,50.3,49
2017-06-05,49.47,49.87,50.74,49.04
2017-06-02,49.95,50.23,50.52,48.95
2017-06-01,50.63,51.17,51.45,50.23
2017-05-31,50.31,51.92,51.92,49.81
2017-05-30,51.84,52.25,52.35,51.19
2017-05-29,52.29,52.24,52.61,51.86
2017-05-26,52.15,51.38,52.3,50.71
2017-05-25,51.46,54.15,54.67,51.03
2017-05-24,53.96,54.14,54.62,53.66
2017-05-23,54.15,53.87,54.43,53.2
2017-05-22,53.87,53.85,54.37,53.66
2017-05-19,53.61,52.57,53.82,52.55
2017-05-18,52.51,52.19,52.74,51.11
2017-05-17,52.21,51.2,52.61,51.04
2017-05-16,51.65,51.88,52.36,51.1
2017-05-15,51.82,50.89,52.63,50.74
2017-05-12,50.84,50.76,51.09,50.33
2017-05-11,50.77,50.28,51.16,50.25
2017-05-10,50.22,48.95,50.63,48.81
2017-05-09,48.73,49.44,49.72,48.39
2017-05-08,49.34,49.27,49.92,48.48
2017-05-05,49.1,48.45,49.63,46.64
2017-05-04,48.38,50.59,50.73,48.16
2017-05-03,50.79,50.99,51.14,50.2
2017-05-02,50.46,51.39,52.16,50.14
2017-05-01,51.52,51.88,51.97,51.22
2017-04-28,51.73,51.58,52.12,51.31
2017-04-27,51.44,51.57,51.76,50.45
2017-04-26,51.82,51.81,52.46,51.38
2017-04-25,52.1,51.6,52.39,51.3
2017-04-24,51.6,52.11,52.57,51.42
2017-04-21,51.96,53,53.29,51.57
2017-04-20,52.99,53.09,53.55,52.68
2017-04-19,52.93,54.78,55.2,52.58
2017-04-18,54.89,55.39,55.48,54.61
2017-04-17,55.36,55.55,55.98,55.29
2017-04-13,55.89,55.66,56.06,55.56
2017-04-12,55.86,56.28,56.65,55.5
2017-04-11,56.23,56.08,56.3,55.45
2017-04-10,55.98,55.19,56.05,55.19
2017-04-07,55.24,54.88,56.08,54.57
2017-04-06,54.89,54.13,55,54.02
2017-04-05,54.36,54.22,55.09,53.97
2017-04-04,54.17,53.18,54.38,52.73
2017-04-03,53.12,53.62,53.74,53.03
2017-03-31,52.83,52.83,53.45,52.35
2017-03-30,52.96,52.39,53.1,52.03
2017-03-29,52.42,51.43,52.48,51.36
2017-03-28,51.33,50.77,51.87,50.77
2017-03-27,50.75,51.03,51.1,50.03
2017-03-24,50.8,50.64,51.06,50.4
2017-03-23,50.56,50.83,51.1,50.25
2017-03-22,50.64,50.86,50.98,49.71
2017-03-21,50.96,51.7,52.22,50.73
2017-03-20,51.62,51.8,51.94,51.01
2017-03-17,51.76,51.74,52.18,51.53
2017-03-16,51.74,52.08,52.65,51.5
2017-03-15,51.81,51.5,52.15,51.36
2017-03-14,50.92,51.34,51.86,50.25
2017-03-13,51.35,51.49,51.7,50.85
2017-03-10,51.37,52.33,53.02,51.14
2017-03-09,52.19,53.49,53.86,51.5
2017-03-08,53.11,55.63,55.77,52.93
2017-03-07,55.92,55.95,56.65,55.56
2017-03-06,56.01,55.8,56.25,55.32
2017-03-03,55.9,55.18,55.95,55.09
2017-03-02,55.08,56.31,56.44,55.03
2017-03-01,56.36,56.45,57.05,56.24
2017-02-28,55.59,56.02,56.15,55.23
2017-02-27,55.93,55.96,56.77,55.86
2017-02-24,55.99,56.4,56.66,55.74
2017-02-23,56.58,56.2,57.26,56.18
2017-02-22,55.84,56.74,57.01,55.64
2017-02-21,56.66,56.17,57.31,56.1
2017-02-20,56.18,55.9,56.42,55.7
2017-02-17,55.81,55.73,55.88,55.1
2017-02-16,55.65,55.74,56.24,55.13
2017-02-15,55.75,55.82,56.25,55.56
2017-02-14,55.97,55.75,56.46,55.53
2017-02-13,55.59,56.68,56.81,55.41
2017-02-10,56.7,55.66,56.88,55.59
2017-02-09,55.63,55.3,55.92,55.23
2017-02-08,55.12,54.5,55.68,54.44
2017-02-07,55.05,55.91,55.98,54.58
2017-02-06,55.72,56.85,57.13,55.65
2017-02-03,56.81,56.92,57.3,56.39
2017-02-02,56.56,56.53,57.45,56.33
2017-02-01,56.8,55.55,56.83,55.36
2017-01-31,55.7,55.25,56,54.9
2017-01-30,55.23,55.47,55.7,54.97
2017-01-27,55.52,56.09,56.5,54.86
2017-01-26,56.24,55.39,56.55,55.21
2017-01-25,55.08,55.24,55.65,54.75
2017-01-24,55.44,55.42,55.87,55.07
2017-01-23,55.23,55.7,55.75,54.65
2017-01-20,55.49,54.33,55.8,54.18
2017-01-19,54.16,54.29,54.77,53.9
2017-01-18,53.92,55.48,55.9,53.77
2017-01-17,55.47,55.74,56.95,55.4
2017-01-16,55.86,55.64,55.92,55.19
2017-01-13,55.45,56,56.21,55.28
2017-01-12,56.01,55.19,56.43,55.01
2017-01-11,55.1,53.8,55.67,53.7
2017-01-10,53.64,54.95,55.36,53.58
2017-01-09,54.94,56.81,57,54.74
2017-01-06,57.1,56.88,57.47,56.28
2017-01-05,56.89,56.35,57.35,56.01
2017-01-04,56.46,55.73,56.55,55.33
2017-01-03,55.47,57.05,58.37,55.3
2016-12-30,56.82,57,57.2,56.46
2016-12-29,56.14,56.01,56.63,55.91
2016-12-28,56.22,56.06,56.56,55.89
2016-12-27,56.09,55.18,57.15,55.04
2016-12-23,55.16,54.84,55.25,54.26
2016-12-22,55.05,54.55,55.23,54.05
2016-12-21,54.46,55.52,55.87,54.32
2016-12-20,55.35,55.02,55.92,54.75
2016-12-19,54.92,55.4,55.8,54.69
2016-12-16,55.21,54.11,55.38,53.71
2016-12-15,54.02,53.76,54.5,53.15
2016-12-14,53.9,55.16,55.81,53.52
2016-12-13,55.72,55.7,56.44,55.13
2016-12-12,55.69,55.88,57.89,55.11
2016-12-09,54.33,53.97,54.46,53.77
2016-12-08,53.89,53.15,54.05,52.81
2016-12-07,53,53.94,54.23,52.92
2016-12-06,53.93,54.5,54.94,53.51
2016-12-05,54.94,54.4,55.33,53.77
2016-12-02,54.46,53.88,54.5,52.84
2016-12-01,53.94,51.72,54.53,51.51
2016-11-30,50.47,46.54,50.49,46.51
2016-11-29,46.38,48.07,48.1,45.92
2016-11-28,48.24,46.71,48.81,46.28
2016-11-25,47.24,48.96,49.02,46.85
2016-11-24,49,49.03,49.21,48.76
2016-11-23,48.95,49.2,49.5,48.56
2016-11-22,49.12,49.25,49.96,48.14
2016-11-21,48.9,46.92,49.15,46.92
2016-11-18,46.86,46.05,46.99,45.75
2016-11-17,46.49,46.44,47.62,45.97
2016-11-16,46.63,46.88,47.56,46.25
2016-11-15,46.95,44.7,47.25,44.67
2016-11-14,44.43,44.54,44.99,43.57
2016-11-11,44.75,45.8,45.89,44.19
2016-11-10,45.84,46.36,46.92,45.56
2016-11-09,46.36,46.04,46.95,44.4
2016-11-08,46.04,46.3,46.69,45.6
2016-11-07,46.15,45.7,46.38,45.38
2016-11-04,45.58,46.43,46.56,45.08
2016-11-03,46.35,47.15,47.52,45.99
2016-11-02,46.86,47.9,48.02,46.46
2016-11-01,48.14,48.72,49.26,47.72
2016-10-31,48.3,49.41,49.72,47.98
2016-10-28,49.71,50.41,50.58,49.31
2016-10-27,50.47,50.05,50.9,49.83
2016-10-26,49.98,50.26,50.69,49.65
2016-10-25,50.79,51.44,51.83,50.22
2016-10-24,51.46,51.89,52.01,50.5
2016-10-21,51.78,51.4,51.94,51.12
2016-10-20,51.38,52.6,52.72,51.17
2016-10-19,52.67,52.13,53.14,52.09
2016-10-18,51.68,51.72,52.15,51.25
2016-10-17,51.52,51.93,52.29,51.16
2016-10-14,51.95,52.06,52.55,51.5
2016-10-13,52.03,51.6,52.15,50.92
2016-10-12,51.81,52.48,52.87,51.61
2016-10-11,52.41,53.11,53.32,52.12
2016-10-10,53.14,51.63,53.73,51.3
2016-10-07,51.93,52.72,52.84,51.33
2016-10-06,52.51,51.76,52.75,51.32
2016-10-05,51.86,51.22,52.09,51.22
2016-10-04,50.87,50.93,51.55,50.34
2016-10-03,50.89,50.02,51.14,49.74
2016-09-30,49.06,49.18,49.25,48.21
2016-09-29,49.24,48.87,49.81,47.99
2016-09-28,48.69,46.14,48.96,45.7
2016-09-27,45.97,47.06,47.28,45.63
2016-09-26,47.35,46.05,47.66,45.74
2016-09-23,45.89,47.42,48.26,45.65
2016-09-22,47.65,46.99,47.83,46.99
2016-09-21,46.83,46.45,47.14,46.38
2016-09-20,45.88,45.91,46.3,45.09
2016-09-19,45.95,46.01,46.93,45.85
2016-09-16,45.77,46.31,46.41,45.48
2016-09-15,46.59,46.06,47,45.67
2016-09-14,45.85,47.33,47.48,45.7
2016-09-13,47.1,48.17,48.22,46.96
2016-09-12,48.32,47.81,48.63,46.9
2016-09-09,48.01,49.63,49.7,47.76
2016-09-08,49.99,48.55,50.14,48.21
2016-09-07,47.98,47.2,48.56,46.97
2016-09-06,47.26,47.43,47.99,46.29
2016-09-05,47.63,46.7,49.4,46.4
2016-09-02,46.83,45.79,47.02,45.41
2016-09-01,45.45,46.98,47.24,45.32
2016-08-31,47.04,48.29,48.42,46.96
2016-08-30,48.37,49.25,49.76,48.23
2016-08-29,49.26,49.54,49.6,48.97
2016-08-26,49.92,49.66,50.76,49.12
2016-08-25,49.67,49.03,49.78,48.7
2016-08-24,49.05,49.57,49.87,48.68
2016-08-23,49.96,49.04,50.21,48.48
2016-08-22,49.16,50.7,50.7,49.07
2016-08-19,50.88,50.96,51.22,50.32
2016-08-18,50.89,49.76,51.05,49.52
2016-08-17,49.85,48.88,49.93,48.55
2016-08-16,49.23,48.22,49.36,47.9
2016-08-15,48.35,47.14,48.54,46.84
2016-08-12,46.97,46.18,47.25,45.74
2016-08-11,46.04,43.78,46.3,43.46
2016-08-10,44.05,44.92,45.68,43.81
2016-08-09,44.98,45.25,45.77,44.76
2016-08-08,45.39,44.34,45.71,44.24
2016-08-05,44.27,44.18,44.49,43.51
2016-08-04,44.29,43.36,44.34,42.51
2016-08-03,43.1,41.94,43.47,41.56
2016-08-02,41.8,42.23,43.18,41.51
2016-08-01,42.14,43.11,43.85,41.87
2016-07-29,42.46,42.61,42.83,41.8
2016-07-28,42.7,43.53,43.72,42.56
2016-07-27,43.47,44.55,44.91,43.27
2016-07-26,44.87,44.82,44.96,44.14
2016-07-25,44.72,45.7,45.87,44.55
2016-07-22,45.69,46.21,46.5,45.17
2016-07-21,46.2,47.17,47.56,46.05
2016-07-20,47.17,46.76,47.49,45.9
2016-07-19,46.66,46.93,47.49,46.53
2016-07-18,46.96,47.92,47.95,46.5
2016-07-15,47.61,47.03,48.25,46.65
2016-07-14,47.37,46.59,47.47,46.34
2016-07-13,46.26,48.13,48.2,46.09
2016-07-12,48.47,46.17,48.57,46.09
2016-07-11,46.25,46.49,47.1,45.9
2016-07-08,46.76,46.6,47.23,46.15
2016-07-07,46.4,49.12,49.59,46.15
2016-07-06,48.8,48.06,49.31,47.17
2016-07-05,47.96,50.03,50.05,47.54
2016-07-04,50.1,50.6,50.75,50.03
2016-07-01,50.35,49.9,50.66,49.25
2016-06-30,49.68,50.21,50.28,49.47
2016-06-29,50.61,48.84,50.74,48.62
2016-06-28,48.58,47.61,48.79,47.47
2016-06-27,47.16,48.43,48.9,46.69
2016-06-24,48.41,50.69,50.74,47.54
2016-06-23,50.91,50.14,51.18,49.89
2016-06-22,49.88,51.06,51.24,49.18
2016-06-21,50.62,50.43,51.1,49.46
2016-06-20,50.65,49.42,50.68,49.24
2016-06-17,49.17,47.28,49.4,47.25
2016-06-16,47.19,48.56,48.77,46.94
2016-06-15,48.97,49.22,49.8,48.39
2016-06-14,49.83,49.89,50.05,49.2
2016-06-13,50.35,50.42,50.79,49.61
2016-06-10,50.54,51.91,52.1,50.33
2016-06-09,51.95,52.74,52.86,51.53
2016-06-08,52.51,51.41,52.8,51.32
2016-06-07,51.44,50.46,51.54,50.28
2016-06-06,50.55,49.83,50.83,49.72
2016-06-03,49.64,49.95,50.33,49.3
2016-06-02,50.04,49.63,50.3,48.84
2016-06-01,49.72,49.65,50,48.65
2016-05-31,49.69,49.7,50.05,49.23
2016-05-30,49.76,49.43,49.83,48.92
2016-05-27,49.32,49.42,49.55,48.69
2016-05-26,49.59,49.76,50.51,49.25
2016-05-25,49.74,49.16,49.96,48.91
2016-05-24,48.61,48.35,49.24,47.8
2016-05-23,48.35,48.72,48.84,47.58
2016-05-20,48.72,48.9,49.39,48.07
2016-05-19,48.81,48.67,48.88,47.38
2016-05-18,48.93,49.36,49.85,48.45
2016-05-17,49.28,49.03,49.75,48.57
2016-05-16,48.97,47.8,49.47,47.77
2016-05-13,47.83,47.85,48.12,47.26
2016-05-12,48.08,47.32,48.19,46.8
2016-05-11,47.6,45.59,47.75,44.8
2016-05-10,45.52,43.49,45.7,43.33
2016-05-09,43.63,45.75,46.48,43.43
2016-05-06,45.37,45.16,46.12,44.19
2016-05-05,45.01,45.08,46.77,44.65
2016-05-04,44.62,45.21,46.01,44.19
2016-05-03,44.97,45.8,46.4,44.62
2016-05-02,45.83,47.37,47.4,45.72
2016-04-29,48.13,47.9,48.5,47.41
2016-04-28,48.14,47.1,48.19,46.74
2016-04-27,47.18,46.26,47.45,45.63
2016-04-26,45.74,44.69,46.49,44.36
2016-04-25,44.48,45.13,45.59,44.26
2016-04-22,45.11,44.75,45.9,44.3
2016-04-21,44.53,45.54,46.18,44.44
2016-04-20,45.8,43.52,45.88,42.81
2016-04-19,44.03,43.14,44.5,42.6
2016-04-18,42.91,41.8,43.43,40.1
2016-04-15,43.1,43.8,44.05,42.28
2016-04-14,43.84,44.01,44.62,43.29
2016-04-13,44.18,44.44,44.94,43.76
2016-04-12,44.69,42.7,44.81,42.56
2016-04-11,42.83,42,43.06,41.41
2016-04-08,41.94,39.68,42.01,39.62
2016-04-07,39.43,39.9,40.29,38.7
2016-04-06,39.84,38.4,39.94,38.34
2016-04-05,37.87,37.5,38.44,37.27
2016-04-04,37.69,38.69,38.92,37.5
2016-04-01,38.67,40.14,40.43,38.55
2016-03-31,39.6,39.12,40,38.74
2016-03-30,39.26,39.42,40.61,39.09
2016-03-29,39.14,40.19,40.25,38.76
2016-03-28,40.27,40.58,41,39.64
2016-03-24,40.44,40.4,40.64,39.22
2016-03-23,40.47,41.56,41.82,40.42
2016-03-22,41.79,41.47,42.08,40.97
2016-03-21,41.54,41.31,41.88,40.48
2016-03-18,41.2,41.38,42.54,41.07
2016-03-17,41.54,40.45,41.6,40.41
2016-03-16,40.33,39.14,40.44,38.83
2016-03-15,38.74,39.67,39.74,38.32
2016-03-14,39.53,40.25,40.65,38.82
2016-03-11,40.39,40.33,41.03,40.02
2016-03-10,40.05,40.89,41.01,39.63
2016-03-09,41.07,39.65,41.18,39.39
2016-03-08,39.65,40.71,41.48,39.31
2016-03-07,40.84,38.88,41.04,38.87
2016-03-04,38.72,37.04,38.95,36.82
2016-03-03,37.07,37.05,37.37,36.35
2016-03-02,36.93,36.62,37.4,36.1
2016-03-01,36.81,36.6,37.25,35.95
2016-02-29,35.97,35.1,36.23,34.83
2016-02-26,35.1,35.1,37,34.73
2016-02-25,35.29,34.39,35.74,33.29
2016-02-24,34.41,32.98,34.67,32.37
2016-02-23,33.27,34.54,35.11,32.9
2016-02-22,34.69,33.25,34.97,32.85
2016-02-19,33.01,33.88,34.46,32.68
2016-02-18,34.28,34.91,35.73,33.79
2016-02-17,34.5,32.54,34.99,31.82
2016-02-16,32.18,34.51,35.55,31.92
2016-02-15,33.39,32.77,34.09,32.67
2016-02-12,33.36,31.31,33.44,30.85
2016-02-11,30.06,30.83,31.35,29.92
2016-02-10,30.84,30.95,31.9,30.35
2016-02-09,30.32,33.17,33.56,30.28
2016-02-08,32.88,33.99,34.68,32.77
2016-02-05,34.06,34.39,35.14,33.81
2016-02-04,34.46,35.32,35.84,34.15
2016-02-03,35.04,32.41,35.53,32.3
2016-02-02,32.72,34.18,34.18,32.23
2016-02-01,34.24,35.85,36.25,33.92
2016-01-29,34.74,34.08,35,33.59
2016-01-28,33.89,32.84,35.84,32.56
2016-01-27,33.1,31.2,33.49,30.83
2016-01-26,31.8,30.01,32.72,29.27
2016-01-25,30.5,32.1,32.81,30
2016-01-22,32.18,29.62,32.3,29.29
2016-01-21,29.25,27.99,29.84,27.29
2016-01-20,27.88,28.66,28.75,27.1
2016-01-19,28.76,28.7,30.24,28.6
2016-01-18,28.55,28.73,29.58,27.67
2016-01-15,28.94,31,31.02,28.82
2016-01-14,31.03,30.26,31.23,29.73
2016-01-13,30.31,30.82,31.92,29.96
2016-01-12,30.86,31.54,32.38,30.34
2016-01-11,31.55,33.34,33.38,31.17
2016-01-08,33.55,34.02,34.72,32.78
2016-01-07,33.75,34.52,34.74,32.16
2016-01-06,34.23,36.64,36.67,34.13
2016-01-05,36.42,37.27,37.57,36.24
2016-01-04,37.22,37.85,38.99,36.77
2015-12-31,37.28,36.57,37.95,36.1
2015-12-30,36.46,37.29,37.55,36.35
2015-12-29,37.79,36.59,37.98,36.56
2015-12-28,36.62,37.84,37.95,36.41
2015-12-24,37.89,37.77,38.1,36.91
2015-12-23,37.36,36.37,37.88,36.28
2015-12-22,36.11,36.36,36.72,35.98
2015-12-21,36.35,36.55,36.75,36.04
2015-12-18,36.88,36.81,37.73,36.41
2015-12-17,37.06,37.6,37.93,36.75
2015-12-16,37.19,38.09,38.45,37.11
2015-12-15,38.45,37.89,39.41,37.55
2015-12-14,37.92,37.85,38.43,36.33
2015-12-11,37.93,39.55,39.74,37.36
2015-12-10,39.73,40.44,40.7,39.46
2015-12-09,40.11,40.63,41.59,39.57
2015-12-08,40.26,40.82,41.45,39.81
2015-12-07,40.73,43.26,43.26,40.6
2015-12-04,43,43.98,44.82,42.67
2015-12-03,43.84,42.77,44.69,42.61
2015-12-02,42.49,44.32,44.64,42.43
2015-12-01,44.44,44.62,45.18,44.03
2015-11-30,44.61,44.86,45.75,44.44
2015-11-27,44.86,45.57,45.63,44.79
2015-11-26,45.46,46.23,46.32,45
2015-11-25,46.17,46.04,46.5,45.03
2015-11-24,46.12,45.11,46.5,44.92
2015-11-23,44.83,44.46,45.73,43.57
2015-11-20,44.66,44.38,45.5,44.06
2015-11-19,44.18,44.3,44.76,43.7
2015-11-18,44.14,43.97,44.74,43.34
2015-11-17,43.57,44.7,45.1,43.5
2015-11-16,44.56,44.7,45.18,43.15
2015-11-13,43.61,44.08,44.85,43.57
2015-11-12,44.06,45.92,46.27,43.89
2015-11-11,45.81,47.08,47.73,45.62
2015-11-10,47.44,47.32,47.86,46.96
2015-11-09,47.19,47.46,48.41,47.01
2015-11-06,47.42,48.05,48.58,47.27
2015-11-05,47.98,48.84,49,47.93
2015-11-04,48.58,50.25,50.87,48.49
2015-11-03,50.54,48.9,50.91,48.46
2015-11-02,48.79,49.5,49.69,48.61
2015-10-30,49.56,48.66,50,48.28
2015-10-29,48.8,49.15,49.38,48.17
2015-10-28,49.05,46.91,49.23,46.61
2015-10-27,46.81,47.43,47.57,46.41
2015-10-26,47.54,48,48.33,47.3
2015-10-23,47.99,48.32,48.65,47.45
2015-10-22,48.08,47.96,48.73,47.65
2015-10-21,47.85,48.58,48.65,47.5
2015-10-20,48.71,48.83,49.2,48.22
2015-10-19,48.61,50.38,50.68,48.57
2015-10-16,50.46,50.21,50.7,49.31
2015-10-15,48.71,49.01,49.38,48.21
2015-10-14,49.15,49.22,49.52,48.71
2015-10-13,49.24,50.27,50.7,48.88
2015-10-12,49.86,52.64,53.31,49.77
2015-10-09,52.65,53.35,54.05,52.21
2015-10-08,53.05,51.76,53.52,51.28
2015-10-07,51.33,52.15,53.15,51.21
2015-10-06,51.92,49.35,52.26,48.86
2015-10-05,49.25,48.08,49.87,47.84
2015-10-02,48.13,47.99,48.5,46.93
2015-10-01,47.69,48.4,49.84,47.62
2015-09-30,48.37,47.96,49,47.79
2015-09-29,48.23,47.45,48.65,47.25
2015-09-28,47.34,48.34,48.44,47.25
2015-09-25,48.6,48.17,49.1,47.86
2015-09-24,48.17,47.88,48.47,47.4
2015-09-23,47.75,49.08,50.25,47.68
2015-09-22,49.08,48.5,49.21,47.7
2015-09-21,48.92,47.64,48.99,47.48
2015-09-18,47.47,49.26,49.75,47.16
2015-09-17,49.08,49.98,50.14,48.32
2015-09-16,49.75,48.06,50.34,47.71
2015-09-15,46.63,46.65,46.9,45.98
2015-09-14,46.37,48.08,48.35,46.26
2015-09-11,48.14,48.64,48.98,47.16
2015-09-10,48.89,47.46,48.95,46.76
2015-09-09,47.58,49.39,50.04,47.32
2015-09-08,49.52,47.76,49.85,47.64
2015-09-07,47.63,49.27,49.44,47.5
2015-09-04,49.61,50.69,51.05,49.25
2015-09-03,50.68,50.58,52.46,49.82
2015-09-02,50.5,48.62,51,47.74
2015-09-01,49.56,52.92,53.47,48.47
2015-08-31,54.15,50.05,54.32,48.25
2015-08-28,50.05,47.4,50.98,46.61
2015-08-27,47.56,43.75,47.75,43.7
2015-08-26,43.14,43.32,43.76,42.81
2015-08-25,43.21,42.79,44.5,42.68
2015-08-24,42.69,45.35,45.46,42.23
2015-08-21,45.46,46.34,46.51,45.07
2015-08-20,46.62,47.03,47.38,46.03
2015-08-19,47.16,48.5,49.11,46.78
2015-08-18,48.81,48.55,49.04,48.25
2015-08-17,48.74,48.76,49.44,48.35
2015-08-14,49.03,49.11,49.52,48.8
2015-08-13,49.22,49.82,50.39,48.85
2015-08-12,49.66,49.38,50.01,48.72
2015-08-11,49.18,50.22,51.1,48.61
2015-08-10,50.41,48.43,50.49,48.24
2015-08-07,48.61,49.62,50.06,48.42
2015-08-06,49.52,49.72,49.83,48.88
2015-08-05,49.59,50.14,50.99,49.02
2015-08-04,49.99,49.7,50.45,49.58
2015-08-03,49.52,51.55,52.01,49.36
2015-07-31,52.21,53.43,53.47,51.63
2015-07-30,53.31,53.6,54.38,53.02
2015-07-29,53.38,52.99,54.33,52.51
2015-07-28,53.3,53.08,54.08,52.28
2015-07-27,53.47,54.45,54.89,52.83
2015-07-24,54.62,55.39,55.6,54.3
2015-07-23,55.27,56.04,56.53,55.1
2015-07-22,56.13,56.88,56.9,55.92
2015-07-21,57.04,56.55,57.44,56.33
2015-07-20,56.65,57.12,57.44,56.33
2015-07-17,57.1,56.93,57.35,56.4
2015-07-16,57.51,57.31,58.21,56.95
2015-07-15,57.05,58.63,58.81,56.86
2015-07-14,58.51,57.71,58.82,56.43
2015-07-13,57.85,58.35,58.83,56.84
2015-07-10,58.73,58.49,59.66,57.86
2015-07-09,58.61,57.1,59.27,57.01
2015-07-08,57.05,57.25,57.75,55.87
2015-07-07,56.85,56.85,57.83,55.1
2015-07-06,56.54,60,60,56.38
2015-07-03,60.32,61.73,62.06,60.12
2015-07-02,62.07,61.92,63.2,61.75
2015-07-01,62.01,63.02,63.35,61.84
2015-06-30,63.59,61.77,63.83,61.71
2015-06-29,62.01,62.85,62.96,61.35
2015-06-26,63.26,63.34,63.62,62.5
2015-06-25,63.2,63.5,63.95,62.72
2015-06-24,63.49,64.66,65.05,63.01
2015-06-23,64.45,63.21,64.89,62.76
2015-06-22,63.34,62.57,63.74,62.1
2015-06-19,63.02,64.2,64.56,62.34
2015-06-18,64.26,63.74,64.96,63.44
2015-06-17,63.87,63.6,65.47,62.6
2015-06-16,63.7,63.8,64.41,63.42
2015-06-15,62.61,63.62,63.96,62.24
2015-06-12,63.87,64.87,64.95,63.68
2015-06-11,65.11,65.57,66.06,64.5
2015-06-10,65.7,65.04,66.36,64.88
2015-06-09,64.88,62.81,65.23,62.72
2015-06-08,62.69,63.06,63.38,62.47
2015-06-05,63.31,62.08,63.43,60.94
2015-06-04,62.03,63.81,64.08,61.78
2015-06-03,63.8,65.38,65.4,63.5
2015-06-02,65.49,64.9,65.88,64.58
2015-06-01,64.88,65.59,65.8,64.25
2015-05-29,65.56,62.89,65.83,62.68
2015-05-28,62.58,62.2,62.95,61.24
2015-05-27,62.06,63.89,64.67,61.96
2015-05-26,63.72,65.7,65.7,63.29
2015-05-25,65.52,65.56,66.22,64.72
2015-05-22,65.37,66.59,66.64,65.1
2015-05-21,66.54,64.89,66.88,64.83
2015-05-20,65.03,64.49,65.18,64.1
2015-05-19,64.02,66.19,66.39,63.95
2015-05-18,66.27,66.91,67.88,65.92
2015-05-15,66.81,66.75,67,65.37
2015-05-14,66.59,66.54,67.29,66.25
2015-05-13,66.81,67.32,68.17,66.41
2015-05-12,66.86,64.77,67.46,64.68
2015-05-11,64.91,65.37,65.75,64.25
2015-05-08,65.39,65.64,66.12,64.23
2015-05-07,65.54,67.37,68.49,65.17
2015-05-06,67.77,67.71,69.63,67.35
2015-05-05,67.52,66.33,68.4,66.14
2015-05-04,66.45,66.4,67.1,65.95
2015-05-01,66.46,66.78,66.93,65.52
2015-04-30,66.78,65.63,66.93,65.37
2015-04-29,65.84,64.64,66.72,64.13
2015-04-28,64.64,64.74,65.49,63.9
2015-04-27,64.83,65.47,65.61,64.4
2015-04-24,65.28,64.75,65.8,64.48
2015-04-23,64.85,62.88,65.58,62.22
2015-04-22,62.73,61.9,63.33,61.39
2015-04-21,62.08,63.52,63.52,61.65
2015-04-20,63.45,63.85,64.4,62.1
2015-04-17,63.45,64.02,64.5,62.95
2015-04-16,63.98,62.9,64.95,62
2015-04-15,60.32,58.74,60.45,58.74
2015-04-14,58.43,58.17,59.24,57.76
2015-04-13,57.93,58.02,59.54,57.46
2015-04-10,57.87,56.84,58.12,56.25
2015-04-09,56.57,56.1,58.02,55.97
2015-04-08,55.55,58.3,58.72,55.45
2015-04-07,59.1,57.8,59.27,57.02
2015-04-06,58.12,55.18,58.24,55.08
2015-04-02,54.95,56.72,57.28,54
2015-04-01,57.1,55.18,57.69,54.7
2015-03-31,55.11,56.31,56.33,54.72
2015-03-30,56.29,55.96,56.65,55.2
2015-03-27,56.41,58.97,59.04,55.95
2015-03-26,59.19,56.35,59.78,56.3
2015-03-25,56.48,55.09,57.17,54.7
2015-03-24,55.11,55.83,56.79,54.85
2015-03-23,55.92,55.24,56.19,54.12
2015-03-20,55.32,54.46,55.67,53.55
2015-03-19,54.43,56.18,56.2,53.91
2015-03-18,55.91,53.28,56.84,52.68
2015-03-17,53.51,54.1,54.38,52.57
2015-03-16,53.44,54.41,54.64,52.5
2015-03-13,54.67,57.03,57.4,54.43
2015-03-12,57.08,57.92,58.81,56.51
2015-03-11,57.54,56.45,57.95,55.92
2015-03-10,56.39,58.37,58.72,56.12
2015-03-09,58.53,59.62,60.02,58.38
2015-03-06,59.73,60.75,61.3,59.17
2015-03-05,60.48,60.6,61.57,60.08
2015-03-04,60.55,60.85,60.94,59.47
2015-03-03,61.02,60,61.81,59.84
2015-03-02,59.54,62.5,62.5,59.34
2015-02-27,62.58,60.75,62.83,60.51
2015-02-26,60.05,61.85,62.63,59.66
2015-02-25,61.63,58.75,61.73,58.41
2015-02-24,58.66,59.09,60.3,58.1
2015-02-23,58.9,60.3,60.67,58.37
2015-02-20,60.22,60.2,61.15,59.82
2015-02-19,60.21,59.54,60.99,57.8
2015-02-18,60.53,62.3,62.46,60.09
2015-02-17,62.53,61.68,63,60.27
2015-02-16,61.4,61.49,62.57,60.71
2015-02-13,61.52,59.27,61.77,59.08
2015-02-12,57.05,55.12,57.5,54.72
2015-02-11,54.66,56.81,57,53.91
2015-02-10,56.43,57.79,58.57,56.11
2015-02-09,58.34,57.93,59.61,57.3
2015-02-06,57.8,56.74,59.06,56.71
2015-02-05,56.57,54.8,57.87,53.07
2015-02-04,54.16,57.19,58.06,53.5
2015-02-03,57.91,55,59,54.84
2015-02-02,54.75,52.68,55.62,51.41
2015-01-30,52.99,49.15,53.08,48.76
2015-01-29,49.13,48.69,49.25,48.37
2015-01-28,48.47,49.1,49.72,48.29
2015-01-27,49.6,48.25,49.99,47.67
2015-01-26,48.16,48.56,49.29,47.57
2015-01-23,48.79,49.11,49.8,48.55
2015-01-22,48.52,48.6,50.45,48.02
2015-01-21,49.03,48.29,49.59,48.21
2015-01-20,47.99,48.91,49.48,47.78
2015-01-19,48.84,50.1,50.35,48.68
2015-01-16,50.17,48.25,50.41,48.07
2015-01-15,47.67,48.68,50.62,47
2015-01-14,48.69,46.84,49.21,45.59
2015-01-13,46.59,47.06,47.29,45.19
2015-01-12,47.43,49.93,49.98,47.16
2015-01-09,50.11,51.25,51.44,48.9
2015-01-08,50.96,51.06,51.91,49.81
2015-01-07,51.15,51.15,51.84,49.66
2015-01-06,51.1,53.2,53.6,50.52
2015-01-05,53.11,56.25,56.3,52.66
2015-01-02,56.42,58.02,58.54,55.48
